job_desc,candidate requirements t,company benefits t,salary ranges t,part time options t,
"With a unique legacy in dermatology as well as decades of cutting-edge innovation, Galderma is the pure-play dermatology category leader, present in approximately 90 countries. We deliver an innovative, science-based portfolio of premium flagship brands and services that spans the full spectrum of the fast-growing dermatology market through Injectable Aesthetics, Dermo-cosmetics, and Therapeutic Dermatology. Since our foundation in 1981, we have dedicated our focus and passion to the human body’s largest organ – the skin – meeting individual consumer and patient needs with superior outcomes in partnership with healthcare professionals. Because we understand that the skin we’re in shapes our lives, we are advancing dermatology for every skin story.
We look for people who focus on getting results, embrace learning and bring a positive energy. They must combine initiative with a sense of teamwork and collaboration. Above all, they must be passionate about doing something meaningful for consumers, patients, and the healthcare professionals we serve every day. We aim to empower each employee and promote their personal growth while ensuring business needs are met now and into the future. Across our company, we embrace diversity and respect the dignity, privacy, and personal rights of every employee.
At Galderma, we actively give our teams reasons to believe in our bold ambition to become the leading dermatology company in the world. With us, you have the ultimate opportunity to gain new and challenging work experiences and create an unparalleled, direct impact.
Further supporting our growth and innovation momentum, we are establishing a new Global Capability Center in Barcelona to deploy new capabilities to effectively support its global commercial and functional teams. Located in the upscale Eixample District in the heart of Barcelona, Galderma’s Global Capability Center offers numerous possibilities for professional development such as exposure to global and cross-functional projects and access to global career opportunities.
Job Title: Access and Reimbursement Lead – BeNeLux, CH, AT Markets (Biologics Launch)
Location: Barcelona – Hybrid (3 days in office – 2 days home office)

Job Description
As the Access and Reimbursement Lead – Europe Cluster Markets you are responsible for developing and executing access strategies, engaging with national and regional payer authorities through local access agencies, and ensuring the availability of our products to patients.
You are part of the Market Access Hub supporting EMEAC Cluster markets (Austria, Switzerland, Benelux) and report to the Global Access Strategy Head. You will be responsible for securing access and reimbursement for Nemolizumab - the first prescription biologic launch for Galderma.

Key Responsibilities
1. Local Access Strategy:
In collaboration with local country access expert agencies and global market access team, identify, understand, and capture local payer stakeholder needs and their implications for Galderma.
Lead local adaptation of Global payer value proposition and Global Payer objection handler
Ensure timely local submission of P&R dossiers to local payer agencies and achieve optimal market access conditions
Monitor the local P&R landscape, identify P&R risks, maintain knowledge and understanding of local access and funding pathways, and keep the Global team informed regularly.
2. Local payer-evidence generation support:
Collaborate with Global Health Economics and Outcomes Research and local country access expert agencies in the development of country-specific evidence requirements and economic models and/or analyses, driven by a clear understanding of what is needed by the country and by when.
Lead local adaptation of Budget Impact/Cost-Effectiveness models including identifying data sources relevant to local HTA/P&R assessments.
3. Price execution:
In collaboration with local country access expert agencies and global market access team, prepare a local pricing and negotiation strategy and support the country GM in pricing negotiations.
Maintain up-to-date pricing information (i.e., price type, price level, reimbursement status) and communicate with the Global Pricing team.
Report changes in pricing policies (i.e., new reference country basket, new mandatory discount) proactively with Global Pricing.
Submit price requests to Region/Global in sufficient time for evaluation.
Skills & Qualifications
Bachelor's degree in Life Sciences, Pharmacy, Health Economics, or a related field. An advanced degree is a nice to have such as MBA or M.Sc.
A broader experience in the local market access and reimbursement landscape, successfully securing pricing and reimbursement for biologic or innovative medicines ideally launching a new indication.
Strong knowledge of local market access environments, including healthcare systems, reimbursement policies, and pricing regulations (experience in Austria, Switzerland, Benelux, a plus)
Strong project management skills with the ability to manage multiple projects simultaneously and deliver results within deadlines
Analytical mindset with the ability to interpret and leverage market insights, pricing data, and health economic evidence to drive access strategies.
Fluent English is a must. Fluency in German or Dutch is a strong plus.
What we offer in return
You will be working for an organization that embraces diversity & inclusion and believe we will deliver better outcomes by reflecting the perspectives of our diverse customer base. In addition, we want to ensure our commitment towards equity and inclusion by offering a competitive and fair compensation with a bonus structure and benefit package. You become part of a hybrid culture to ensure innovation and collaboration together with the right work-life balance. You will have a development plan, during which a personalized career path will be established, and you join a growing organization that believes in ownership from day one where everyone is empowered to grow and to take on accountability.

Next Steps
Please send your CV in English and after positive review, a first virtual conversation with Talent Acquisition will take place (FYI: just need to upload CV, can ignore the manual fields requested after uploading CV)
The next step is a virtual conversation with the hiring manager
The final step is a panel conversation with the extended team
Our people make a difference
At Galderma, you’ll work with people who are like you. And people that are different. We value what every member of our team brings. Professionalism, collaboration, and a friendly, supportive ethos is the perfect environment for people to thrive and excel in what they do.
",1,1,0,0,6708
"As a Technical Writer, you create clear and user-friendly documentation to bring our consultants, alliance partners, and customers up to speed. You grow deep expertise in specific areas of our supply chain planning solution. Working with product managers and product architects, you create and update new material in line with upcoming product developments. In close collaboration with other writers, you improve documentation of processes, take the initiative to identify and bridge knowledge gaps, and improve our training offering.

You are responsible for:

Writing and updating technical documentation on how to configure our OMP planning solution for colleagues, alliance partners, and customers.
Keeping up with our newest product features.
Growing into a company-wide expert and point of contact within your area(s) of expertise.
Assuring knowledge dissemination by sharing best practices with your colleagues and building bridges between different teams.
Taking ownership of your documentation projects.
Proactively aligning with all relevant stakeholders.
Performing assignments as a technical trainer, in line with your interests and talents.",0,0,0,0,1153
"Refurbishment Manager Major Components (m/w/d)
Standort(e):
Malmö, Skåne, SE, 21146
Barcelona, Catalonia, ES, 8002
Hamburg, HH, DE, 20354
Swindon, Wiltshire, GB, SN5 6PB
Madrid, M, ES, 28022
Warszawa, Masovian, PL, 00-838
Rome, 62, IT, 00192
Zaragoza, AR, ES, 50410
Essen, NW, DE, 45141
RWE Renewables Europe & Australia GmbH, Essen, Barcelona, Hamburg, Madrid, Malmö, Swindon, Rome, Warszawa, Zaragoza
To start as soon as possible, full time, permanent

Functional area: Logistics / Operations / Shipping

As Refurbishment Manager you are responsible for the successful implementation of the European refurbishment strategy and a continuous development and increase of high-quality refurbishments for our fleet. Furthermore, you will be responsible to establish and manage a European pool of Major Components and their refurbishment including the determination and continuous assurance of an optimal size.

Your Future:

Lead and steer the implementation of our European refurbishment strategy for major components and ensure an active usage in close cooperation with the local key stakeholders across all countries.
Actively manage a pool of major components and their refurbishments for our European fleet and ensure an optimize level to minimize downtimes
Aggregate and update demands to secure recourses and spares for refurbishment loops for our European fleet in cooperation with our partners
Foster needed strategic partnerships with key suppliers in close cooperation with Procurement and other stakeholders to ensure that we have a reliable and high-quality supply of refurbished components.
Developing & driving further refurbishment strategy improvements and lead other activities to gather benefits in terms of availability, cost and quality improvements for major components
Work close together with major component teams to consider their requirements and needs and deliver transparency about the overall picture of major components by developing a cockpit
Contribute to forecasting activities and models based on failure rates and operational experiences
Support in Storage & Logistics optimization & improvements of major components
Develop and active contribute on major component & refurbishment KPI´s (e.g. Circular Economy)
Your Profile:

University degree in Economics, Engineering, Supply Chain Management or similar
Several years of working experience in Operations & Maintenance of Renewables Assets (Ideally several years of experience in a comparable role)
In-depth knowledge in the area of major components of wind turbines & supply chain and / or refurbishments of them
Great stakeholder management & good communication skills
High degree of resilience and solution-oriented mind-set
Very good in self organization and working independently
Strong strategic and commercial awareness combined with both analytical skills and the ability to drive complex challenges
Proven project management skills and ability to lead initiates successfully
Excellent negotiation and communication skills plus distinct intercultural competence
Willing to travel within Europe
Enjoy working in an international team
Fluent English in writing and spoken. Other languages are beneficial
Apply now with just a few clicks: ad code 81783, application deadline 15/09/2023.
Any questions? Please reach out to Karolina Klucska at karolina.klucska@rwe.com

We value diversity and therefore welcome all applications, irrespective of gender, disability, nationality, ethnic and social background, religion and beliefs, age or sexual orientation and identity. #inclusionmatters

We look forward to receiving your application!

As one of the world’s leading companies in the renewable energy space in Europe and Australia, RWE Renewables Europe & Australia is proud to be paving the way for a greener future. We’ve got over 1,400 employees, all developing and promoting renewable energies across 12 countries. They specialise in the construction of onshore wind turbines, solar plants, and battery storage systems. And they all share the desire to redefine how millions access energy.

We’re well set to hit our 50 GW by 2030 target, and go climate neutral by 2040. That’s thanks to our community of experts currently building Europe and Australia’s largest onshore wind farms – as well as a pipeline of exciting projects across solar and PV. And the focus isn’t just on harnessing clean energy – but also the new technologies that can push our GW ever higher.

Now, we’re looking for more people with the skills and ambition to drive the energy transition. Join RWE Renewables Europe & Australia.
Your energy has impact, use it for good.

If you would like to stay informed about our latest activities, then feel free to visit our Website or follow us on LinkedIn.",1,0,0,0,4762
"Who We Are

BCG X is the tech build & design unit of BCG. Turbocharging BCG’s deep industry and functional expertise, BCG X brings together advanced tech knowledge and ambitious entrepreneurship to help organizations enable innovation at scale. With nearly 3,000 technologists, scientists, programmers, engineers, and human-centered designers located across 80+ cities, BCG X builds and designs platforms and software to address the world’s most important challenges and opportunities. Teaming across our practices, and in close collaboration with our clients, our end-to-end global team unlocks new possibilities. Together we’re creating the bold and disruptive products, services, and businesses of tomorrow

To succeed, organizations must blend digital and human capabilities. Our diverse, global teams bring deep industry and functional expertise and a range of perspectives to spark change. BCG delivers solutions through leading-edge management consulting along with technology and design, corporate and digital ventures—and business purpose. We work in a uniquely collaborative model across the firm and throughout all levels of the client organization, generating results that allow our clients to thrive.

What You''ll Do

Our BCG X teams own the full analytics value-chain end to end: framing new business challenges, designing innovative algorithms, implementing, and deploying scalable solutions, and enabling colleagues and clients to fully embrace AI. Our product offerings span from fully custom-builds to industry specific leading edge AI software solutions.

Our Data Scientists and Senior Data Scientist are part of our rapidly growing team to apply data science methods and analytics to real-world business situations across industries to drive significant business impact. You''ll have the chance to partner with clients in a variety of BCG regions and industries, and on key topics like climate change, enabling them to design, build, and deploy new and innovative solutions.

Additional responsibilities will include developing and delivering thought leadership in scientific communities and papers as well as leading conferences on behalf of BCG X. Successful candidates are intellectually curious builders who are biased toward action, creative, and communicative.

We are looking for dedicated individuals with a passion for data science, statistics, operations research and redefining organizations into AI led innovative companies. Successful candidates possess the following:
Comfortable in a client-facing role with the ambition to lead teams
Likes to distill complex results or processes into simple, clear visualizations
Explain sophisticated data science concepts in an understandable manner
Love building things and are comfortable working with modern development tools and writing code collaboratively (bonus points if you have a software development or DevOps experience)
Significant experience applying advanced analytics to a variety of business situations and a proven ability to synthesize complex data
Deep understanding of modern machine learning techniques and their mathematical underpinnings, and can translate this into business implications for our clients
Have strong project management skills

TECHNOLOGIES:
Programming Languages: Python


FOR U.S. APPLICANTS: Boston Consulting Group (“BCG”) is an Equal Opportunity/Affirmative Action employer. All qualified applicants will be considered for employment without regard to sex, gender identity, sexual orientation, race, color, religion, national origin, disability, protected Veteran status, age, or any other characteristic protected by applicable law.

The first-year base compensation for this role is:
Data Scientist I: $110,000 USD
Data Scientist II: $145,000 USD
Data Scientist III: $160,000 USD
Senior Data Scientist: $190,000 USD

BCG offers a comprehensive benefits program, including medical, dental and vision coverage, telemedicine services, life, accident and disability insurance, parental leave and family planning benefits, caregiving resources, mental health offerings, a generous retirement program, financial guidance, paid time off, and more.",1,1,1,0,4161
"Trade Sales Manager

LOCATION: Madrid, Spain

REPORTS TO: Market Leader

Our client is an Italian company that specializes in producing and distributing security solutions, such as locks, access control systems, and safes. The company operates in over 80 countries and has a focus on innovation and research and development. With several brands under its umbrella, they provide a comprehensive range of security products and services to its customers.

-- MISSION --

The Trade Sales manager will be responsible for leading, directing, and motivating the Sales Team to achieve sales objectives. Executes the ISEO strategy within the context of local market trends and opportunities to drive growth in sales and market share.

-- RESPONSIBILITIES --

Achieve operational objectives.
Manage the sales team to meet sales goals and implement key initiatives relevant to the area.
Manage different stakeholders and leverage internal and external resources to make things happen.
Implement the go-to-market structure to maximize sales and channel efficiency.
Oversee the execution of the offer presented to customers.
Meet objectives.
Achieve sales, margin, and productivity goals.
Establish high levels of customer collaboration and satisfaction.
Drive brand positioning.
Implement a winning strategy for the assigned area.
Foster sales team engagement and a culture of accountability.
Develop the necessary sales capabilities to drive sustainable business performance in the area.
Promote capability development and tool adoption.
-- REQUIREMENTS --

At least B2 level of English.
3+ years of managing a team and setting targets.
Sales professional with a proactive commercial aptitude.
Skilled in market analysis, SWOT assessment, sales database management, and proposing commercial strategies.
Full availability to travel from Monday to Friday.
Job Type: Full-time

Salary: From 70,000.00€ per year

Ability to commute/relocate:

Spain: Reliably commute or planning to relocate before starting work (Required)
Application Question(s):

Are you willing to travel extensively from Monday to Friday?
Experience:

Sales Management: 3 years (Preferred)
Language:

English (Preferred)
Spanish (Preferred)
Work Location: In person",1,0,1,0,2221
"Combine your passion for travel with your love of education…and earn up to 1500 Euros a week!

WorldStrides and Explorica by WorldStrides are leading providers of international educational tours for North American High School students.

We are seeking candidates to be trained as Tour Directors to escort students and teachers on educational tours (usually 8 to 10 days) in Europe in the Spring and Summer of 2024

You will facilitate the day-to-day running of the tour and play a lead role in introducing European culture and history to teenage participants through incorporating our LEAP philosophy - Learning by Exploring and Actively Participating.

Ideal candidates will be:

Energetic

Self-motivated

Organised

Imaginative

Widely traveled

Passionate about culture and history

Fluent in English and at least one of French, Spanish, Italian or German

***Please access the application form at www.worldstrides.com/TDApplication***

Please note that you will be redirected to the application form on our website. Only applications submitted through that application form will be considered. CVs and resumés will not be considered.

Virtual interviews will be held throughout October and November. Required training will take place in London on December 13 to 15 (travel expenses reimbursed and accommodation provided).

· Please be aware that this is a seasonal rather than a year-round position and that work will be offered and compensated on a tour-by-tour basis.

· Please note that you will lead tours for WorldStrides / Explorica by WorldStrides as an independent contractor.

A University Degree is required for this job application

Job Type: Contract

Salary: 900.00€ - 1,500.00€ per week

Education:

Bachelor's (Required)
Language:

French (Preferred)
Italian (Preferred)
German (Preferred)
Spanish (Preferred)
Work Location: On the road",1,0,1,0,1856
"Objective:

We are seeking a highly skilled and motivated individual to join our team as a Process & Data Intern. This role will give support to the brand’s scalability by helping to collect, treat, and analyse different data sets and sources, as well as drawing the brand’s processes. Additionally, this role will support on budgeting control of the Marketing Department.

Necessary Duties and Responsibilities include the following:

Process Documentation: Participate in documenting processes and workflows related to data collection, storage, and analysis.
Budgeting control: Give support to the marketing team, finance, and accounting departments to ensure that we meet our target in budget and create PR for Marketing department.
Data Analysis and accuracy: Gather, analyze, and interpret data to derive meaningful insights and support decision-making processes.
Performance Monitoring: Collaborate in key performance indicators (KPIs) and develop monitoring systems to track progress towards strategic goals. Regularly review and report on performance metrics, updating management dashboards.
Stakeholder Engagement: Collaborate with internal and external stakeholders, such as executives, department heads, data analysts, and IT professionals.
Report Generation: Generate regular and ad hoc reports and presentations as needed.
Training: Participate in training sessions to learn and understand department-specific applications, systems, and processes.
Research: Conduct research on industry trends and benchmarks as well as potential data and process tools that could enhance efficiency.
Compliance: Ensure compliance with data privacy regulations and best practices.
Project Support: Assist in projects as needed.
Skills:

Good level of English (written and spoken)
A quick learner, capable of grasping new concepts and tools quickly.
Self-motivated with the ability to work independently and in a team.
An innovative thinker, open to new ideas and continuously seeking ways to improve processes.
Strong attention to detail, ensuring data accuracy and integrity.
Proficiency in data analysis in Excel
Knowledge of statistical techniques and methods
Strong organizational and multitasking skills, capable of managing multiple projects and deadlines.
Experience with data visualization tools.
Good knowledge of PowerPoint and data reporting tools.
Familiar with process definitions programs.
Strong attention to detail and ability to work with large datasets.
Tipo de puesto: Contrato para la formación y el aprendizaje, Jornada completa

Salario: 16.000,00€-16.500,00€ al año

Beneficios:

Flexibilidad horaria
Programa de formación
Ticket restaurante
Horario:

De lunes a viernes
Flexibilidad horaria
Ubicación del trabajo: Teletrabajo híbrido en Barcelona",1,1,1,0,2766
"Your time model: Full time or part time (min. 24 hours)

All these SAP consultancies are somehow interchangeable. So why go to this one with the unusual name? Our answer: We are fresh, modern, innovative, agile and do exciting projects with renowned customers. With us you don't do 0815 best practice implementations, but work on innovative solutions that go beyond the standard (take a look at our references). The job is fun, exciting and challenging and the colleagues are more than just colleagues.

What you can look forward to

You will work in pioneering (inter)national projects at exciting companies - from hidden champions to global players - and create a holistic, innovative consulting approach for our customers
You will conduct workshops with our customers, create technical concepts based on a process analysis, take over the implementation as well as the after-go-live support and advise our customers throughout the entire project both technically and professionally
Challenging projects with exciting customers that go beyond the standard
A team that works closely with internal and external colleagues to find creative solutions for our customers
You'll fit with us if...

… you enjoy working in a team and you want to bring customers to the next level of digitalization
...you have a university degree in tourism management, business administration, business informatics or similar, or alternatively you completed a comparable vocational training program
...you are enthusiastic about travel, travel management and digitalization and have a basic willingness to travel
...you have a very good command of German and a good command of English
Our corporate culture

You can expect a unique team spirit, flat hierarchies and a working environment characterized by the hybrid model
We are on a first-name basis and also like to wear our p78 hoodie outside of customer meetings
You have a cool idea? We support and encourage you to realize it
Our mission: People are our passion, technology our element. With creativity, innovation and passion, as one ambitious team, we create digital solutions that inspire people, ensure the success of our customers and make them fit for the challenges of tomorrow
Our Benefits

As an employee at projekt0708 you can expect - in addition to a fair salary - a whole range of benefits such as

A modern office including a rooftop terrace with a stunning view over Barcelona
Company events, e.g. Oktoberfest in Munich, Christmas party, company trips, etc.
Flexible working hours & home office
An additional health insurance
and many more! You can find an overview of all our benefits on our career page.

We are looking forward to your application!

Job Types: Full-time, Permanent

Salary: Up to 64,000.00€ per year

Work Location: Hybrid remote in 08023 Barcelona, Barcelona provincia",1,1,1,1,2835
"#UPLIFTYOURFUTURE

Over 11,000 People. 18 Locations worldwide. One in three planes files with our Technology. The only thing missing: You.

Our team in Hannover-Langenhagen is searching for you as:

Aircraft Mechanic specialised in Aero Engines (all genders)
Code - MON / MOW

If you are not located in Germany: We support candidates living outside of Germany with an attractive relocation package. Join us and work for THE specialist for MRO services.

At MTU, we specialize in customized maintenance, repair and overhaul (MRO) services for commercial and military engines as well as industrial gas turbines. We are a reliable, responsive and flexible service partner to our customers. Whether we repair an engine or industrial gas turbine on-site, or arrange a shop visit to one of our worldwide MRO locations, we provide every customer with the best solution – with expertise, cost-efficient and first-class quality.

YOUR TASKS

Disassembly and assembly of engine units in accordance with manufacturer specifications (manual, IPC, SB, etc.) and internal work plans
Perform measurements during assembly and disassembly process
Diagnosis of components
Electronic documentation and recording of disassembled components
Documentation of relevant measurement results
Performing tool checks
YOUR PROFILE

Completed minimum 3-year vocational training as aircraft mechanic specialised in aero engines
Relevant professional experience in the maintenance of aero engines as well as basic knowledge in the handling of aviation standards and regulations
Good technical English language skills
Skills in MS-Office and knowledge of SAP desirable
Readiness for shift work and flexible assignments
Responsible, systematic, target-oriented working methods
Resilience and a good team player
OUR OFFER

We offer you numerous additional services that are tailored to your needs. These include extensive further training and customized development programs, an attractive pension scheme, health and fitness offers, measures to combine family and professional life, such as flexible working time models or the possibility of mobile working. We offer you the best possible conditions for your success!

Being a high-tech company, it is in our best interests to also capitalize on the unique skills and qualities women with a strong set of qualifications bring to the table. We actively encourage applications from female candidates who fit the bill.

We shape the future of aviation and bridge cultures and people. Our employees' diverse ideas, experiences and perspectives are essential to our success. As an employer, we are committed to promoting diversity and inclusion in the workplace.

READY?

Give your career a boost and send us your complete application. Please indicate your earliest possible start date and your salary requirement, and use our online application form, which you can access directly from this page.

We look forward to getting to know you.

Your Recruiter: Laura Rosemeyer

Tel.: +49 511 7806 6077

Location of our facility: MTU Maintenance Hannover GmbH, Münchner Straße 31, 30855 Langenhagen, Germany

Job Type: Full-time

Salary: 45,000.00€ - 51,000.00€ per year

Work Location: In person",1,1,1,0,3200
"Meet Benevity
Benevity's award-winning corporate purpose software empowers companies and their people to take social action on the issues and causes they care about. Through giving, volunteering, grantmaking and positive actions, we help 940+ clients (and counting!) build better cultures and engage their employees and customers to create greater social and business impact. We're also one of the first B-Corps in Canada, meaning we're as committed to purpose as we are to profits.

To join our growing team, we're currently looking for a People and Culture Manager based in Barcelona.

You will oversee all People practices for Benevity's International business, and support the delivery of great employee and candidate experience in multiple countries. You will support Benevity International leaders from strategic initiatives to day to day issue resolution. You will be a contributor to the design of global people programs and you will drive execution of programs for the international team. You are solutions focused, and you will collaborate with all parts of the People Team and other partners (Finance, IT, Legal).

What will you do?

Lead a small People Team in Barcelona, supporting Benevity's International business.
Utilize your business acumen and practical experience to dig deeply into issues and develop fit for purpose solutions that build culture and drive high performance.
Collaborate with People Team members, leaders, legal, IT and other stakeholders to recommend creative and practical solutions to complex situations, even ones that you have not encountered before. Identify when a local solution is necessary and when to leverage the broader team and align processes for efficiency.
Apply your knowledge of HR compliance matters.
Build and cultivate positive, trust-based working relationships across the business at all levels and with People Team colleagues.
Demonstrate enthusiasm, creativity, problem solving and time management skills, and be a role-model of organizational values.
Scale recruiting channels and practices to meet business demands and support local recruiter.
Contribute to designing and/or scaling of programs in Talent Management, People Operations and Learning.
Support business teams in executing People Programs such as Performance Management, Succession Planning, Learning, Career Development, and Compensation.
Promote, educate, and support our Diversity and Inclusion Initiatives.
Facilitate conflict resolution and conduct investigations in a practical, expedient, and discreet manner.
Guide employee relations issues effectively to successful conclusion.
What will you bring?

Experienced partner and coach to leaders, providing strategic input, advice and hands-on support across all aspects of People & Culture at every level in the company.
Minimum 7 years experience including prior team leadership experience.
Balance strategic and tactical priorities in a fast-paced environment.
Super-hero level in building authentic and impactful relationships.
Proven change-agent who respectfully challenges existing approaches to drive continuous improvement.
Critical thinker and integrator of multiple sources of information.
Skilled listener, fact finder, communicator, presenter.
Highly motivated self-starter who can take initiative and accomplish tasks without directions. Ambiguity? Challenge accepted!
Use sound judgment, business acumen and practical experience to guide recommendations.
Demonstrates the ability to influence by presenting data-driven recommendations to leaders in a clear and compelling manner.
Fearlessly engages in challenging conversations with clarity and conviction.
Possesses broad HR expertise, with a depth of knowledge in areas such as Organization design, Recruiting, Performance Management, People Development, Succession & Workforce Planning, Total Rewards, People Relations, Leadership Development, Team Effectiveness, Change Management, Employment Legislation.
Thrive in a fast-paced, high-growth environment.
Discover your purpose at work!
If you're a passionate problem solver and want to put your skills to use helping the world's coolest companies do more good in the world, Benevity is the place for you. You'll be part of a team with a 99% client retention rate — the highest in the SaaS space — so you can learn and grow with the best.
If you want meaning, purpose and growth, you belong at Benevity!

Join a company where DEIB isn't a buzzword:
The diverse backgrounds, experiences, skills and passions of our people make it possible for us to keep innovating as the market leader in our space.

Diversity, Equity, Inclusion and Belonging are part of Benevity's DNA. You'll see the impact of our massive investment in DEIB daily—from our Black Employee Network making space for us to have difficult conversations to our Pride events and the exceptional diversity on our leadership and tech teams.

We strive to build a strong culture of Belonging so that every Benevity-ite feels included and can thrive as their authentic selves — in a place where everyone has an equitable opportunity to shine!

Here at Benevity, we are committed to creating a culture of belonging and that starts with a fair and accessible hiring process. Any candidates with disabilities who may require accommodations throughout the hiring or assessment process, are encouraged to reach out to accommodations@benevity.com.

If you want to feel seen, heard and celebrated, you belong at Benevity!",1,1,0,0,5470
"Job Description:

The Delivery Manager is a key role within the Due Diligence team, a division of Data Strategy, supporting the Due Diligence Management Team, Product, Sales and Clients.

The role will guarantee that the Due Diligence team can provide the best possible customer service, adapting the internal needs and resources to best serve the client’s needs and helping keep DD on the path to meeting its ambitious revenue and development goals for the coming years. You will report to the Manager, Due Diligence Delivery & Quality.

You Will:

Ensure that client requests are correctly received and processed in a timely manner, as well as overseeing the entire report life cycle until the client delivery phase

Develop methodologies and processes relating to report intake and delivery and client/sales communication in agreement with the Senior Manager, Delivery and Client Engagement, with a special focus on clients based in the EMEA region and their specific needs.

Improve the team’s mailbox policies, workflows and quality standards for DD reports; as well as align quality assurance standards and delivery processes with global product standards, providing relevant solutions and training when needed

Be a key representative of the DD team in dealings with clients, particularly strategic clients, working with partners in Sales and Product, to ensure optimal, efficient engagement of the research and quality teams post sale

Ensure that clients receive clear, responsive communication to queries relating to the Dow Jones research, reviewing, proofing and editing process and its content across the regions; and that requests from clients and potential clients are dealt with effectively, consistently and timely across the regions by working with their peers in other offices.

Determine the best research/quality team representatives to liaise with clients and when to involve the Vice President, the Head of Due Diligence, or the Due Diligence Senior Managers in discussions, if required

Plan research resources for report assignments and for any large ad hoc projects together with other regional DD Senior Managers, R&C Senior Managers and Data Strategy Senior Managers

Assist in the handling of content-related questions in DD RFP (Requests for Proposal) working with the Product team

Together with the Head of Due Diligence and the Senior Managers, you will work with Product for assessing product enhancements based on client feedback

Communicate regularly with Sales and Clients to gather feedback and arrange necessary actions/follow ups if needed

Assist in scoping and managing potential ad-hoc projects outside the usual DD scope if required

You Have

Excellent English writing skills
Knowledge of and interest in international affairs and politics
Strong research skills, including online search tools
An openness to different views and opinions and an appreciation for team diversity
Preferred

Previous experience in the field of Due Diligence
Specialist legal, business or financial knowledge
Reasonable accommodation: Dow Jones, Making Careers Newsworthy - We are an equal opportunity employer and all qualified applicants will receive consideration for employment without regard to race, color, religion, sex, sexual orientation, gender identity or expression, pregnancy, age, national origin, disability status, genetic information, protected veteran status, or any other characteristic protected by law. EEO/AA/M/F/Disabled/Vets. Dow Jones is committed to providing reasonable accommodation for qualified individuals with disabilities, in our job application and/or interview process. If you need assistance or accommodation in completing your application, due to a disability, email us at talentresourceteam@dowjones.com. Please put ""Reasonable Accommodation"" in the subject line and provide a brief description of the type of assistance you need. This inbox will not be monitored for application status updates.

Business Area: PIB - DATA STRATEGY

Job Category: Data Analytics/Warehousing & Business Intelligence

Union Status:

Non-Union role

Since 1882, Dow Jones has been finding new ways to bring information to the world’s top business entities. Beginning as a niche news agency in an obscure Wall Street basement, Dow Jones has grown to be a worldwide news and information powerhouse, with prestigious brands including The Wall Street Journal, Dow Jones Newswires, Factiva, Barron’s, MarketWatch and Financial News.

This longevity and success is due to a relentless pursuit of accuracy, depth and innovation, enhanced by the wisdom of past experience and a solid grasp on the future ahead. More than its individual brands, Dow Jones is a modern gateway to intelligence, with innovative technology, advanced data feeds, integrated solutions, expert research, award-winning journalism and customizable apps and delivery systems to bring the information that matters most to customers, when and where they need it, every day.

If you are a current employee at Dow Jones, do not apply here. Please go to the Career section on your Workday homepage and view ""Find Jobs - Dow Jones."" Thank you.

Req ID: 38759",1,0,0,0,5159
"THE ROLE

We’re looking for a travel enthusiast to become the new Branch Operations Manager of our depot in Barcelona - Martorell. You’ll be the face of our company, reporting directly to the Iberia - Operations Area Manager, being responsible for managing the branch, in diverse aspects such as logistics, fleet, bookings, customer service and workforce management, with the assistance of central teams, while assisting other depots in the region.

WHAT WILL YOU WORK ON?

Managing, training, and coaching your team and occasionally assisting training at other branches;
Ensuring the profitability of the depot by guaranteeing compliance with the business plan, as well as controlling costs;
Establishing and maintaining relationships with suppliers and partners;
Monitoring assets and reducing fleet downtime;
Overseeing daily operations and helping out whenever needed;
Serving as a direct point of communication for any urgency or unforeseen event;
Play an active role in process optimization.
WHO ARE WE LOOKING FOR?

You have at least 2+ years of work experience in a supervisory role in a fast-paced, operational environment;
You have an advanced level of English, both spoken and written (mandatory);
You’re eligible to work in Spain, have a valid driver's licence and feel confident enough to drive a campervan (mandatory);
You’re available to work on weekends and public holidays;
You’re a responsible person who takes their work seriously and can be relied upon;
You’re well-organised and you’re good at solving problems.
THE INDIE COMMITMENT!

Being part of a young, fast-growing and innovative company where you make a difference;
Career development opportunities in Field Operations around the US and Europe, or transitioning to an HQ role in Lisbon or Los Angeles;
Continuous training and coaching to develop the skills that matter to you;
Schedules fixed in advance with weekends and holidays being rotated between team members;
Compensation package that includes Performance and Referral bonus;
Free Road Trips, so you can experience Indie firsthand trips around the US and Europe.
Are you ready to Go Indie?

Job Type: Full-time

Salary: 26,000.00€ - 38,300.00€ per year

Experience:

Team Supervising/Managing: 2 years (Required)
Language:

English (Required)
License/Certification:

Drivers License (Required)",1,1,1,0,2329
"This position will closely work with the Head of Internship Department and Internship specialists. Post-holder will help to manage all internship, community Based-Learning and volunteer requests related to Spring semester. The post-holder will also accompany them to their placements during start of semester.

The post-holder will work on pre-departure summer process and work with students prior to their placements. This post-holder will also work on mock interviews process for summer semester.

· Manage mock interviews and organize the distribution of additional interviews among staff members.

· Help the internship team to handle the volunteering and community based-learning process for all our Spring students (potential number of 150-200 students).

· Help the internship team for planning, implementing, and monitoring a Social Media strategy in order to increase number of workplaces and partners.

· Perform inventory record keeping, data entry, filing, typing, and handling potential enquiries on internship process.

· Provide administrative and office support for the Internship team and give support in all processes relating to the summer program, such as: maintaining databases, compiling data, planning projects, organizing student’s forms, and other projects as assigned

· Actively join the Internship team in all steps of the pre-arrival process.

· Once students are on-site, schedule confirmation visits to organizations and accompany students to their workplaces.

· Prepare and send collaboration agreements to companies.

· Share an hour tracking document with students and companies.

· Follow-up with companies and students (hours, tasks, responsibilities, supervision).

EXPERIENCE/QUALIFICATIONS REQUIRED

o College Graduate in any discipline

o Competent written and spoken knowledge of English, Spanish and Catalan.

o Excellent communication skills

o Experience living abroad, preferably in the US, and valuable experience working within the context of international internship or career development programming.

o Advanced computer skills in MS Office

o Valuable ability to forge network of contacts who offer ‘Service’ opportunities and commitment to cultivating social responsibility, cultural awareness, and an ethic of civic engagement.

Job Types: Full-time, Temporary
Contract length: 9 months

Salary: 24,000.00€ per year

Work Location: In person

Expected Start Date: 01/11/2023",1,0,1,0,2428
"Subject: Insite Management ""Commercial Operations Cooridinator"" Job Description FR & CH

Scope: The purpose of this document is to provide a general overview of your responsibilities.

Employee: TBD

Date: 1 December 2023

Status: --

Commercial Operations Assistant Job Description:

Reporting / Documentation Commercial Operations Support

Project forecasting;
Proposal writing;
Business forecasts;
Contract closing;
Commercial admin.
Stakeholder Interaction

Project management/planning/EOY;
Stakeholder relationship management: Clear communication, scheduling, follow-up;
CRM/Database; Legal/Technical document coordination;
Reporting & invoicing
Basic Requirements

Fluent French (Native language);
Fantastic communication skills;
‘Polyvalent’ -> a must;
Independent;
Team work - we're a small company and we all need help!
Extremely well organised -> Able to plan;
High standards for self and others;
Hard worker;
MS Suite expert (Word, PowerPoint; Excel);
Bias for action!
Insite Management SA - Route de la Chocolatière 21 - 1026 Echandens - Switzerland

www.insitemanagement.ch

Job Types: Part-time, Permanent
Part-time hours: 32 per week

Salary: 2,500.00€ - 3,500.00€ per month

Education:

Bachelor's (Preferred)
Experience:

Project / Account Management: 3 years (Preferred)
Rollout - Mobile networks: 3 years (Preferred)
Language:

French (native speaker) (Required)
Willingness to travel:

25% (Preferred)
Work Location: In person

Expected Start Date: 01/12/2023",1,0,1,1,1479
"Are you a Google fan?
Do you love Google products?

Teleperformance Spain is looking for a highly-skilled group of professionals to help improve the business, and identify areas of growth based on digital advertising campaigns.

Purpose of the role
**As a Digital Marketing Consultant your role is to identify and apply the appropriate advertising solutions through an active collaboration with Italian companies and Digital Marketing & Online Advertising Agency Partners. You would work with a wide variety of advertisers, and deliver the optimal digital advertising solution for each customer.
It is a target driven environment, where you will work towards individual sales targets and be part of a larger sales team increasing the Client customer base across EMEA. You will be part of the largest team who creates unique customer experiences while actively affecting the Italian online marketing environment.

Responsibilities

Implement creative ways to improve our client companies and agency relationships, by tailoring and sharing performance-enhancing suggestions, and upsell or promote other Google products.
Provide strategic advice and help businesses and agencies get the best ROI on their clients’ advertising investment by working closely with them in a consultative role.
Consistently deliver against assigned quota, while prioritising and delivering outstanding customer sales experience.
Communicate with the customers proactively, via phone, video conference and email.
Requirements:

BA/BS degree and/or equivalent practical experience
Native level of Italian
Ability to speak and write English fluently and idiomatically
+1 Years of experience in digital marketing, preferably building and optimising PPC Campaigns
Minimum 0-1 Years of experience in Sales
Knowledge of Google products such as Ads, AdSense or YouTube
A team player with leadership and high communication skills
Strong presentation, analytical and problem solving skills
Passionate about Marketing, Technology and online Advertising, with a desire to learn and develop
Benefits:

Full time position (39h per week, Monday to Friday).
Salary: starting from 21.505€ gross/year + up to 3.795€ gross/year in bonus.
This is a Hybrid working model in Barcelona.
Permanent Contract.
Referral Program: Bring a Friend and get a Referral fee (up to 2.000€ depending on the language/project).
4 weeks of intense introduction training on Google Ads and specific sales training.
A permanent presence of coaches who will facilitate your personal and professional development.
Established career path to grow within the project.
Continuous training and certifications within Google products.
Excellent work environment, great colleagues, social arrangements and personal development.
Office location surrounded by the sea (World Trade Center, Barcelona, Spain).
Contratto di lavoro: Tempo pieno, Tempo indeterminato

Stipendio: 21.500,00€ - 25.300,00€ all'anno

Sede di lavoro: Di persona",1,1,1,0,2957
"Call Center Representative/Customer Service
Do you enjoy working in a fast-paced environment where no two days are ever the same?

The 7thCircle, located in Barcelona next to the famous Sagrada Familia is currently recruiting strong sellers and hardworking individuals to join our team.

An industry leader for over 10 years, we provide services that are oriented as life coaching to individuals from all over the world. The customer service team is in charge of new customer registration, processing payments and managing appointments for existing customers.

Competitive salary plus commission, bonuses and incentives offered.

Requirements:

Native or fluent English
Superior customer service skills
Sales orientation
Basic computer skills/database management
Adaptability and flexibility
Ability to multitask
Excellent interpersonal skills
Team Player
Experience working in a call center environment is a plus
Customer service responsibilities:

Maintaining a positive, empathetic and professional attitude towards customers
Responding promptly to customer inquiries
Communicating with customers over the phone
Assisting the manager with daily tasks
Updating records of customer interactions, transactions, comments and complaints
Knowledge of our products
Processing customer requests and complaints
Managing appointments
Benefits:

Full time permanent contract
39 hours per week in rotation
Paid Training
NOTE: THIS POSITION IS AN ON-SITE POSITION

Ability to commute/relocate:

08025 Barcelona, Barcelona: Reliably commute or planning to relocate before starting work (Required)
Job Type: Full-time

Salary: 1,400.00€ - 3,000.00€ per month

COVID-19 considerations:
Common surfaces are sanitezed regularly, working in the office, no need to wear mask in the office, no vaccination requirements.

Ability to commute/relocate:

08025 Barcelona, Barcelona: Reliably commute or planning to relocate before starting work (Required)
Work Location: In person",1,1,1,0,1958
"We’re all work and all play – combining a fun-filled, social work environment with professional development and fulfilment.

Your role
To deliver friendly, knowledgeable, and efficient customer service and product delivery to provide an epic experience for our customer.

Company Perks

50% off stays at our accommodation
50% off all food
50% off all drinks
Ski trips
2 Sailing trips per year
Flying lessons
Bespoke Training Program
E-Learning Program
Partnered with License Trade Charity
up to £1000 cash rewards for finding new employees.
Recognition schemes

£100 for employee of the Month
£250 for employee of the Quarter
£2000 for employee of the Year
Extensive Training and Development
X2 Sailing trips per year.
Equal tips for all staff (housekeeper, cleaner, chef, bartender)
Wicked incentives run centrally (last prize was a £1000 for staff party)


Essential requirements
You must:

Be eligible or have all necessary documentation in which to be legally employed in the country, which you are based.
All Documentation required by any Local/Regional/National certifying or Governing bodies in which to operate legally within you units country.
Have a up to date/active bank account in your own name.
Be able to converse in English and Spanish
Where live in accommodation is not provided. Have a fixed place of residence and live within a reasonable travelling distance of the unit.


Main responsibilities

Providing a brilliant experience for our customers

Deliver excellent customer service, always.
Serve and present beverages, quickly and efficiently, meeting our standards and specs.
Assist in keeping the bar, front-of-house and toilets clean and tidy, at all times.
Keep up to date with all new products, specials, promotions and events offered in the unit, so as to offer the customer a brilliant experience
Contribute towards creating an epic party atmosphere during any time of the day.
Make customers aware of offers on our great food and drink range.
Check back regularly during food service to ensure customer satisfaction.
Learn the skill sets of up-selling and practice them on every sale you make.
Provide fast, friendly, and charismatic table service.
Fulfil all reasonable requests from guests to ensure their comfort, satisfaction, and safety.
Maintaining Controls and Standards

Conduct daily standard audits at the beginning of shift, and continue throughout and reporting any issues to line manager.
Always adhere to all company policies and procedures.
Always adhere to local licencing laws regarding responsible and correct service of alcohol
Maintain excellent knowledge of all company and site-specific Health and Safety procedures. Assist in keeping the reception area clean and tidy, at all times.
Conduct regular security checks throughout the day and report any security issues to line manager
Provide reports, as required, for housekeepers and management.
Always adhere to all company policies and procedures.
Maintain excellent knowledge of all company and site-specific Health and Safety procedures.
Administer all reservations, cancellations, and no-shows, in line with company policy.
Keep up to date with current promotions and bed pricing across the beds and bars group, to provide information to guests, on request, while maximising bed sales opportunities


Contributing ideas to help develop an innovate business.

Be involved and contribute at team meetings.
Carry out instructions given by the management team and head office.
Development

Maintain personal knowledge by completing in-house training within the given timelines.
Always engage with your line manager about your own personal and professional development and how Beds and Bars can assist.",1,1,0,0,3703
"We have an exciting opportunity for a curious and focused individual to join our company in an important capacity as a Corporate Account Manager here at RS Iberia. This person will play a pivotal role in driving the growth of the RS Iberia business. You will be responsible for identifying new opportunities, managing, and converting inbound enquiries, establishing long-standing client relationships with new and existing stakeholders, and contributing to the growth of our overall brand.


Here is more about what you will be doing...


A key part of your role will be to develop and nurture new and existing relationships on a national level.
Project manage the onboarding of large enterprise customers, including product implementation plans and success milestones.
Through proactive networking and follow up, create key stakeholder and decision maker relationships within all customer accounts.
Through the implementation of strategic account development methodology, win additional business and maintain customer account plans detailing current product holding, volume expectations, growth expectations and opportunities to sell new products and services.
You will attend regular meetings with key influencers including quarterly performance reviews and annual strategic reviews to achieve annual sales performance.
Support internal projects and initiatives relevant to the continual improvement of delivering great customer service.
Maintain CRM systems, ensuring that all data is accurate and up to date.
Forecast and track key account metrics.

What existing skills and experience will you need to be successful in this opportunity?


You are someone who enjoys engaging with and developing relationships with key stakeholders
Self-motivated with the ability to set your own agenda and work independently in a national field-based role
You have pre-existing experience of securing high-value new business contracts
You have a strong background of experience in both securing new business from, and managing existing accounts, through dealing with the most senior people in organisations including D and C-suite – including negotiating and presenting to them
You are someone who enjoys the responsibility of managing high revenue
You are a leader with the ability to facilitate and engage a group of individuals along a planned route
Recognition that positive behaviour is key to success, consisting of openness, curiosity, confidence, enthusiasm, working effectively with others and a strong work ethic
And of course – a driving licence is essential!

The extras you will get

At RS, as well as the usual employee benefits you’d expect from a FTSE listed company, including quarterly performance bonus, and local benefits to associated with the Iberia Market.

Monthly Lunch Vouchers.
Accident insurance paid by the company
Parking slot in the Alcobendas offices
Possibility of participation in “Loyalty Programs” when the group offers them (Phantom Shares)
EAP Program (Employee Assistance Programme)
Virtual Working Model
Christmas hamper

We are RS

At RS we’ve been solving engineering problems for over 80 years: big ones, small ones, easy and difficult ones. We turn the ‘what ifs’ into the ‘why nots’, the impossible into the possible.

Our purpose? Making amazing happen for a better world.

We offer service and product solutions. We send out a parcel every 2 seconds, to over 130 countries. We provide over 700,000 in-stock and over 3 million unstocked products to more than 1.2 million customers.

We want people like you, as you are curious about things, you like doing things differently and in a human way with empathy. Because that’s exactly how we partner with people – our customers, suppliers, colleagues, and communities – to solve problems.

We’ll also invest in your development and wellbeing – because building a more diverse and inclusive culture, being ethical, responsible, and committed to our Environment, Social and Governance (ESG) action plan is at the heart of everything we do.

Come and join us and we’ll help you to think big, do more and unleash your brilliance, so you do amazing things too.


What to do next

If this feels like the right role for you, just click the ‘Apply Now’ button. You’ll need to create an account and attach your CV and you can attach a cover letter if you like.

We reply to everyone and will get back to you as soon as we can to let you know if we’d like to arrange an interview.


#LI-HYBRID

#LI-MR1",1,1,0,0,4473
"Who are we?

EIMS (eims.biz) is a B2B agency with UK HQs and offices in Spain, US, New Zealand, the Philippines & South Africa. We’re known as the “ROI” experts, and our end-to-end sales and marketing solutions in multi-languages help tech brands such as Adobe, SAP, HP, Dell (and more) grow their businesses better, faster and more efficiently.

What's in for you?

Up to €30,000 yearly salary ( €27,000 yearly base salary + €3,000 yearly performance bonus)
Hybrid working model: Work from home set-up on Mondays & Fridays, then work onsite on Tuesdays, Wednesdays, and Thursdays at our Barcelona Hub, Llacuna 56-70 Building A, 8th Floor, 08005
28 days paid annual leave plus an opportunity to earn up to 4 extra days off per year
Fun environment & Career Progression: 95% of our leadership team was promoted internally: Claudette's story - https://youtu.be/ULShKbMAnnQ
Work with cross-cultural teams in UK, USA, South Africa, New Zealand, & Philippines.
What will you be doing?

B2B outbound outreach targeting ideal customer profiles on behalf of our technology clients with the aim to book qualified discovery meetings
Build rapport & nurture relationships with C level prospects
Researching using varied and creative techniques to identify business opportunities
Sharing market insights with the wider team gained through prospecting activity
Learning the necessary tools to be able to succeed in the role; with a can-do attitude and an open mind to learning
Who are you?

Speaks Swedish as your FIRST language and easily communicate to C-level decision makers across the Swedish market
Self-motivated, proactive, flexible and curious
Desire to improve, receive feedback and be coached to win in tech sales
BCN123

Jobbtyp: Heltid

Lön: 27 000,00€ - 30 000,00€ per år

Möjlighet att pendla/flytta:

08005 Barcelona: Pendla på ett tillförlitligt sätt eller planera att flytta före jobbstarten (Obligatoriskt)
Ansökningsfrågor:

Do you have SSN/NIE?
Do you speak Swedish as your FIRST language?
Arbetsort: Delvis på distans i 08005 Barcelona",1,1,1,0,2044
"Secondary Castellano and IB Spanish TeacherSecondary Castellano and IB Spanish Teacher

Date of posting: September 2023

Located in the greater Barcelona metropolitan area, The American School of Barcelona is a private, non-profit, coeducational day school serving students from 3-18 years old. ASB offers a balanced approach to learning in an international environment for over 900 students.

ASB believes that students learn to their potential when they are inspired. With rich content and an emphasis on student-driven projects, students are empowered and encouraged to be active and engaged learners. Our teachers provide an education that is both challenging and supportive. They work to ensure that students become active and curious learners – and are both local and global citizens fully prepared for future endeavors and challenges.

ASB’s faculty embodies the values of continuously improving through innovation, creating responsible global citizens, and developing independent and critical thinking students while providing a caring environment that gives students the self-confidence to maximize their potential within a context of diversity. With this in mind, ASB is committed to the professional development of its faculty and offers educators a rich professional experience for continuous growth and improvement. As a substitute teacher at ASB, you will be an active learner, constantly searching for ways to improve their practice.

What is in it for you?

International working environment | Annual professional development opportunities | School pension plan | Free lunch | Flexible Remuneration with Sodexo | Annual step scale | Medical coverage and pension through the Spanish social security system (private health insurance is provided until the employee is legally a part of the national healthcare system) | Three wellbeing days without justification in addition to sick and personal leave provided by Spanish labor agreement for private schools | Tuition benefits and lunch and afterschool discounts for staff children based on enrollment

Position Overview

We are currently looking for a confident and talented Secondary Castellano and IB Spanish Teacher to join our team in the Secondary School. Work requires knowledge and experience of social studies instruction and curriculum. To excel in this role, you should have in-depth knowledge of effective teaching practices that ensure learning is a comfortable and meaningful experience. Our ideal candidate has excellent interpersonal and organizational skills, with a strong command of Spanish Language and Literature. Some of your responsibilities will include:

Design lessons and units that lead to standards mastery and are aligned to grade level expectations and end-of-year assessments
Personalize instruction by planning a program of study that meets students individual needs
Collaborate with other humanities teachers, school leaders, IT integrators, and curricular specialists to ensure that instruction is always meeting the needs of all learners.
Secure and prepare instructional materials in advance using a variety of resources
Communicate regularly and often with families to both solicit their input and share student social and academic progress.
School-Wide Qualifications and Attributes

The successful candidate must enjoy working with children and be devoted to building a nurturing and safe learning environment. To excel in this role, the ideal candidate should bring the following:

Bachelor's degree in Filología Española, with appropriate teaching credentials. Experience and IB training preferred.
Nivell C de Català
Two years of recent work experience in a similar role
Familiarity with recent North American teaching materials and methodologies
Experience with data-driven assessment tools that facilitate differentiated instruction
Experience working in an internationally and linguistically diverse school setting
Effective oral and written communication within a school community
Must be detail-oriented and able to follow written and verbal instructions.
Must be flexible and show a positive attitude to change
All prospective employees must be able to clear a background check as well as a sexual offenders clearance for all other countries where the candidate has lived or worked for a period of 3 months or more, over the last 5 years. As well as that, the verification process includes the cross-check of the requested references, which must cover the last five years of work.

NOTE: This job description in no way states or implies that these are the only duties to be performed by the employee(s) incumbent in this position. Employees will be required to follow any other job-related instructions and to perform any other job-related duties requested by any person authorized to give instructions or assignments. The requirements listed in this document are the minimum levels of knowledge, skills, or abilities. This document does not create an employment contract, implied or otherwise, other than an “at will” relationship.

RECRUITING PRINCIPLES: ASB is committed to safeguarding and promoting the welfare of children and young people and expects all staff, volunteers and other third parties to share this commitment. Safer recruitment practice and pre-employment background checks, to the maximum extent permitted by law, will be undertaken before any appointment is confirmed.

ASB does not discriminate on the basis of race, color, religion, sex, sexual orientation, gender identity or national origin in the administration of its recruiting and educational policies.

Tipo de puesto: Jornada completa

Salario: 36.000,00€-40.000,00€ al año

Horario:

De lunes a viernes
Ubicación del trabajo: Empleo presencial",1,1,1,0,5737
"At Kids&Us, we are the trigger that ignites the new generations to discover the world through their senses. We are passionate about changing the education landscape by building a world full of meaningful English educational experiences.

We are proud to have a wonderful and diverse community of teachers all over the world.

For our school in L'Hospitalet del Llobregat (Barcelona) we are looking for an energetic and fun English teacher to join our team!

You would fit right in at Kids&Us if you have:

A positive attitude and an energetic “can do” approach to children’s learning.
Excellent communication skills.
Organization and good time-management skills.
Flexibility with work hours and availability.
Boost your CV: add teaching experience to your skill set. We will train you in the use of our teaching method for children from 1 to 18 years old. You’ll learn to:

Prepare your classes using Kids&Us’ lessons, music, games, stories and arts and crafts.
Monitor your students’ progress and guide learners towards their goals.
Develop strong, meaningful relationships with students, their families, and your peers and mentors to support the growth of the children.
Communicate in an efficient, effective, and professional manner.
Your background:

Teaching experience is a plus but not required.
Advanced or Proficiency level in English.
A team player: if you've played on a team, you'll fit right in!
We offer:

Part-time job (from 8 to 12h hours a week, Monday to Friday)
Young and stimulating work environment.
We require:

Availability in the afternoon (4 to 9 pm)
Commitment to finish the school year (until June 2024)
Start immediately
If Kids&Us sounds like the kind of school you would like to be a part of, we would love to hear from you!",1,0,0,1,1754
"COMDATA Group is currently recruiting German speaker agents to join our team.

Within this position you will be in charge of the Front and Back office : inbounds calls and emails for the German market of an international brand.

Full time or Part time are available

Starting date: ASAP

Monday to Saturday (with a minimum of 2 saturdays free a month)

Timeslot: 9h00 - 20h00

Home office available

Your profile:

- German native speaker

- Excellent communication skills, both oral and writting

- Computer skills

What you can expect from us:

- Fixed salary + commissions

- Full remote position

- Evolutive position

- A modern, pleasant and well-located working environment

Comdata Group is one of the European leaders in customer relations. We offer a full range of services: Sales, Customer Service, Technical Assistance via phone, email or chat.

Tipo de puesto: Contrato indefinido

Salario: 20.000,00€-22.000,00€ al año

Beneficios:

Flexibilidad horaria
Seguro médico privado
Horario:

Flexibilidad horaria
Tipos de compensaciones complementarias:

Plan de comisiones
Preguntas para la solicitud:

Is German your native language?
When would you be available to start working?
Do you speak fluently an other language? If yes which one?
Do you live in Barcelona?
Ubicación del trabajo: Empleo presencial",1,1,1,1,1315
"Overview

RTI International is an independent nonprofit research institute dedicated to conducting innovative, multidisciplinary research that improves the human condition with a worldwide staff of nearly 6,000. Universities in North Carolina founded RTI in 1958 as the first scientific organization in and centerpiece of the Research Triangle Park, NC, USA.

RTI Health Solutions (RTI-HS), a business unit of RTI International, is an independent and internationally recognized research organization. We provide healthcare consulting and research expertise to optimize decision making for pharmaceutical, biotechnology, and medical device products across the development and marketing lifecycle. Clients rely on our expertise, quality standards, and integrity to guide their product development and regulatory and market access strategies. Our various practice areas include Market Access and Outcomes Strategy, Health Economics, Patient-Centered Outcomes Assessment, Pharmacoepidemiology, Surveys and Observational Studies, Biostatistics, and Health Preference Assessment. RTI-HS has office locations in the US, UK, Spain, France, and Sweden.

The Global Pharmacoepidemiology and Risk Management team within RTI-HS is currently based in Spain (Barcelona) and the US (NC, MA). We are active members of the European Network of Centres for Pharmacoepidemiology and Pharmacovigilance (ENCePP) and the International Society for Pharmacoepidemiology (ISPE). The office in Barcelona hosts 25 epidemiology and biostatistics colleagues.


Responsibilities

We are looking for a candidate with the right combination of skills, experience, abilities, and compatibility to provide leadership in pharmacoepidemiology, risk management and other real-world evidence (RWE) research intended for submissions to regulatory agencies. You will contribute to or co-lead, in collaboration with a Senior Epidemiologist, post-marketing studies of the use, safety and effectiveness of treatments and prevention in various therapeutic areas, including database or primary data collection studies. In addition, other pre- and post-approval regulatory applications of RWE, (e.g., external control arms, label extensions, etc.) may be performed.


Specific duties include:
Writing, budget planning or contributing to proposals
Designing studies, writing protocols and analysis plans
Leading or contributing to targeted or systematic literature reviews
Leading or contributing to feasibility and or landscape analyses
Interpreting results, writing study reports and manuscripts
Contributing to and coordinating interactions with clients and research partners

Work may also include proposal and project planning and start-up activities, and other project management and research tasks.

It is anticipated that the candidate will be willing to work in-person or hybrid out of our office in Barcelona, Spain full-time. However, qualified candidates wishing to telecommute full or part-time and able to work in the European Union or the UK, will be considered on a case-by-case basis.

Please include a cover letter highlighting your experience – please pay particular attention to the responsibilities and qualifications sections below and tell us as much as you are able about how your studies/experience match the requirements of this exciting opportunity.


Qualifications
Master's degree in Epidemiology or equivalent and 6 years of pharmacoepidemiology experience, PhD in Epidemiology and 1 year of pharmacoepidemiology experience, or equivalent combination of education and experience.
Life sciences background and pharmacoepidemiology experience is required. Experience responding to requests from the European Medicines Agency (EMA), United States Food and Drug Administration (FDA), or other national regulatory agencies relating to risk management planning, and/or design/implementation and reporting of post-marketing safety studies is highly valued.
Prior experience working within a relevant research organization/institution including pharmaceutical industry and/or regulatory agencies is highly valued.
Demonstrated effective communications (written, verbal and presentation skills) in a multinational and multidisciplinary collaborative environment is required. The working language is English. Additional languages are highly valued.
Ability to perform duties that require close attention to detail.
Ability to establish and maintain effective working relationships with co-workers, manager, research partners and clients.
Ability to operate in a hybrid, multi-country team environment and be flexible in taking on and performing assignments as necessary, and to work to tight and sometimes challenging deadlines.

EEO & Pay Equity Statements

As a global employer of choice, RTI is committed to equity, diversity, inclusion and belonging in the workplace and the communities and markets where we serve our mission. We value diversity of thought, culture, background and perspective and welcome applicants without regard to race, color, religion, sex, age, marital status, sexual orientation, gender identity, national origin, creed, citizenship status, disability, protected veteran status, or any other classification protected by applicable discrimination laws or RTI policy.

We are proud to be an equal opportunity employer. All qualified applicants will receive consideration for employment without regard to race, color, religion, sex, sexual orientation, gender identity, national origin, disability status, protected veteran status, or any other characteristic protected by law.

RTI International is an independent, nonprofit research institute dedicated to improving the human condition. Clients rely on us to answer questions that demand an objective and multidisciplinary approach and one that integrates expertise across the social and laboratory sciences, engineering, and international development. We believe in the promise of science, and we are inspired every day to deliver on that promise for the good of people, communities, and businesses around the world. For more information, visit www.rti.org.

For USA Job Postings Only: RTI participates in the US Government E-Verify program. Further information regarding the E-Verify program and laws that are designed to protect you against discrimination relating to your legal right to work in the US can be found here.

For San Francisco, CA USA Job Postings Only: Pursuant to the San Francisco Fair Chance Ordinance, we will consider for employment qualified applicants with arrest and conviction records.

As a global employer of choice, RTI is committed to equity, diversity, inclusion and belonging in the workplace and the communities and markets where we serve our mission. We value diversity of thought, culture, background and perspective and welcome applicants without regard to race, color, religion, sex, age, marital status, sexual orientation, gender identity, national origin, creed, citizenship status, disability, protected veteran status, or any other classification protected by applicable discrimination laws or RTI policy.

We are proud to be an equal opportunity employer. All qualified applicants will receive consideration for employment without regard to race, color, religion, sex, sexual orientation, gender identity, national origin, disability status, protected veteran status, or any other characteristic protected by law.

Click here. to view the EEOC Know Your Rights Poster.",1,0,0,0,7460
"International creative agency & design studio looks for a talented exhibition architect & interior designer for its Barcelona headquarter office who is used to work with Rhino and all its plug ins. We look both for a senior professional as well as a junior talent or trainee.

Your typical work tasks include preparation of mood boards as a first response to a briefing, elaboration of design proposals for exhibition booths and interior design projects, 3D modelling and rendering, technical implementation planning for every detail, cost calculations, preproduction organization, onsite production management and construction supervision.

CM Creative International produces projects across Europe and is renowned for its handcrafted, artistic, and architectural designs serving mainly technology and industrial companies. We look forward to welcoming you in our international and passionate team!

Required technical skills:

Excellent academic preparation
Excellent skills in Rhino and all its plug ins
Very good knowledge of Adobe Creative Suite (Photoshop, Illustrator, etc)
Good knowledge of MS Office (PowerPoint, Excel, Word)
Excellent knowledge of materials and production techniques
Strong technical skills and commitment to (technical) details
You can develop a design proposal for an exhibition stand from a brief and/or technical plans
We highly value an artistic background
Required soft skills:

Passionate about design
Very good knowledge of the arts & history
Strong interest and knowledge about different software and new technologies (Ai-based, virtual reality, ..)
Good organization skills and ability to work under pressure and tight deadlines.
High degree of responsibility and perfectionism
Ability to manage a project on your own
Excellent English is a must, further languages are a plus
Ability to travel for the supervision of preproduction and implementation of projects
We offer:

An international working environment.
Flexible working hours driven by our projects.
Hybrid working between office & home office (for senior professionals only)
A nice office in central Barcelona
Result oriented payment.
Long term position or collaboration
About us:

CM Creative is an international creative agency and design studio with headquarters in Barcelona and offices in Vienna and Lisbon.

With 15+ years of experience we mainly serve technology, industrial and public companies in Europe, Asia and the U.S.

Our clients highly value our creative end-to-end services thanks to our inhouse architecture department, video & graphics production as well as our digital service and virtualization unit.

Please send your application together with your portfolio and work references, specifying your earliest start and general availability to: administrator@cm-creative.net

Job Types: Full-time, Temporary, Part-time, Internship, Permanent, Contract
Contract length: 8 months
Part-time hours: 30-40 per week

Salary: 800.00€ - 1,800.00€ per month

Application Question(s):

1) In a brief you are asked to elaborate an impressive signage and eye catchy element for an exhibition booth that helps to attract visitors. Please list 5 different approaches of what could be offered.
2) What was the most artistic design project that you have worked on? Please explain
3) What would be your earliest job start and your hours availability per week?

Expected Start Date: 17/09/2023",1,1,1,1,3388
"Vacancy Title: Operations Assistant

Vacancy Location: Barcelona, Spain

Engagement Type: Permanent, Part-Time (Monday to Friday 08:00am-2:00pm)



Your Company

Survitec are the world’s largest survival technology provider. For over 166 years, we have been protecting lives in the air, on land and at sea, through the design, manufacture, and servicing of Survival Technology.

Today, we are a global community of 3,000 professionals with presence in 96 countries partnering with our customers to provide innovative solutions that reduce risk and help keep you safe.

That is why the world's leading maritime, defence & government, energy and aerospace organisations trust us when it matters most and why we have been awarded the Gold Award by the UK Defence Employer Recognition Scheme

Your New Role

We are seeking an Operations Assistant to join our Manufacturing team based in Barcelona, Spain. In this role, you will play a crucial part in the installation, maintenance, and repair of Survitec safety solutions. You will operate various equipment and machinery, ensure the cleanliness of work areas, and assist your colleagues in manufacturing, production, or service activities.

What You Can Expect from the Role

Key Responsibilities and accountabilities:

Operate various equipment and machinery safely as part of a manufacturing production line or service operation.
Prepare and adjust tools, machinery, or equipment under general supervision and according to training.
Transfer tools, parts, equipment, and supplies to and from workstations and other areas.
Order new parts following standard stock management processes to maintain inventory.
Examine and test machinery, equipment, components, and parts for defects to ensure proper working order.
Diagnose and carry out repairs, such as rewiring, based on personal training or qualification.
Move and position vehicles, machinery, equipment, or physical structures for assembly or installation using hand tools, power tools, and moving equipment.
Clean or lubricate vehicles, machinery, equipment, instruments, tools, or work areas using hand tools, power tools, and cleaning equipment.
Perform operational tasks to Survitec standards, ensuring work is completed right the first time.
Assist in maintaining and repairing equipment and appliances by carrying out standard preparation, inspection, or maintenance tasks.
Support the quality function by working within strict quality standards and identifying instances of non-compliance.
Follow work instructions accurately, including the use of personal protective equipment, to maintain a safe working environment.
Contribute to creating an inclusive environment where all team members feel valued and appreciated.
The Experience, Qualifications and Skills You Will Have

Essential Criteria:

High school diploma
Some experience operating complex machinery is desirable but not necessary, as full training is provided.
Strong accountability and commitment to meeting commitments.
Ability to work collaboratively with others to achieve shared objectives.
Effective communication skills.
Strong organizational skills to manage workstations and equipment.
Proficiency in using hand tools, power tools, and cleaning equipment.
Ability to make sense of complex information and solve problems effectively.
Strong work ethic and commitment to excellence.
Willingness to take initiative and act with confidence.
Why You Should Work for Us

Additional day off to celebrate your birthday
Training & Professional Development Opportunities
Employee Assistance Programme
Workplace Reward & Recognition scheme

How to Apply


If you would like more information regarding this role before applying, please feel free to reach out to us via Linked In or via recruitment@survitecgroup.com.

Survitec is an equal opportunities employer. Our diverse global workforce protects lives, every single day. We are committed to cultivating an inclusive culture where our people feel valued appreciated, and free to be who they are at work. Because, to provide service and excellence to our customers we must mirror their diversity. But more importantly because it is the right thing to do.

At Survitec, we want you to have the best possible interview experience with us and we are also committed to creating an inclusive environment. We are happy to make any necessary accommodations to ensure you can showcase your skills to the best of your ability, should you require any reasonable adjustments, please don't hesitate to let us know.",1,1,0,1,4523